IntersectionName,Time,NBR,NBT,NBL,NBU,EBR,EBT,EBL,EBU,SBR,SBT,SBL,SBU,WBR,WBT,WBL,WBU
Amin Dr./Shallowford Village Dr. & Shallowford Rd.,0:00,3,3,,,1,21,1,,1,,3,,3,23,,
Amin Dr./Shallowford Village Dr. & Shallowford Rd.,0:15,2,1,1,,1,18,4,,2,,4,,2,22,,
Amin Dr./Shallowford Village Dr. & Shallowford Rd.,0:30,2,,2,,1,13,2,,2,,1,,,18,1,
Amin Dr./Shallowford Village Dr. & Shallowford Rd.,0:45,1,,,,,10,,,,,4,,4,21,1,
Amin Dr./Shallowford Village Dr. & Shallowford Rd.,1:00,2,,1,,1,13,2,,,,3,,2,14,,
Amin Dr./Shallowford Village Dr. & Shallowford Rd.,1:15,1,,,,,13,1,,1,,,,2,9,,
Amin Dr./Shallowford Village Dr. & Shallowford Rd.,1:30,,1,1,,,14,3,,2,,1,,1,14,1,
Amin Dr./Shallowford Village Dr. & Shallowford Rd.,1:45,1,1,,,,6,2,,2,,5,,1,9,,
Amin Dr./Shallowford Village Dr. & Shallowford Rd.,2:00,,,,,,8,,,1,1,1,,1,5,,
Amin Dr./Shallowford Village Dr. & Shallowford Rd.,2:15,2,,,,,9,,,,,1,,,10,,
Amin Dr./Shallowford Village Dr. & Shallowford Rd.,2:30,,1,,,,4,,,,,2,,2,7,,
Amin Dr./Shallowford Village Dr. & Shallowford Rd.,2:45,5,1,,,,5,1,,1,1,4,,,8,,
Amin Dr./Shallowford Village Dr. & Shallowford Rd.,3:00,,,1,,2,8,2,,,,2,,,13,,
Amin Dr./Shallowford Village Dr. & Shallowford Rd.,3:15,,1,1,,2,9,1,,,2,2,,,11,,
Amin Dr./Shallowford Village Dr. & Shallowford Rd.,3:30,1,2,1,,1,7,,,1,,1,,,12,,
Amin Dr./Shallowford Village Dr. & Shallowford Rd.,3:45,1,,,,1,6,,,,2,3,,,12,,
Amin Dr./Shallowford Village Dr. & Shallowford Rd.,4:00,,1,1,,,7,,,,,1,,,10,,
Amin Dr./Shallowford Village Dr. & Shallowford Rd.,4:15,,1,,,1,9,1,,,1,,,,18,,
Amin Dr./Shallowford Village Dr. & Shallowford Rd.,4:30,4,,,,1,22,2,,,2,,,1,17,,
Amin Dr./Shallowford Village Dr. & Shallowford Rd.,4:45,2,2,1,,,17,4,,,,2,,3,27,1,
Amin Dr./Shallowford Village Dr. & Shallowford Rd.,5:00,2,,,,1,22,,,,,5,,,21,,
Amin Dr./Shallowford Village Dr. & Shallowford Rd.,5:15,1,,2,,1,28,1,,2,1,1,,,30,,
Amin Dr./Shallowford Village Dr. & Shallowford Rd.,5:30,2,,,,,34,2,,1,2,2,,,40,,
Amin Dr./Shallowford Village Dr. & Shallowford Rd.,5:45,,,,,1,36,1,,2,2,7,,3,46,,
Amin Dr./Shallowford Village Dr. & Shallowford Rd.,6:00,6,,2,,,39,1,,,3,9,,4,76,,
Amin Dr./Shallowford Village Dr. & Shallowford Rd.,6:15,5,3,1,,2,59,4,,3,3,21,,4,83,1,
Amin Dr./Shallowford Village Dr. & Shallowford Rd.,6:30,3,3,2,,1,65,2,,6,2,14,,4,117,6,
Amin Dr./Shallowford Village Dr. & Shallowford Rd.,6:45,4,3,1,,2,80,9,,3,2,16,,8,126,8,
Amin Dr./Shallowford Village Dr. & Shallowford Rd.,7:00,1,3,2,,3,92,3,,5,1,23,,9,136,7,
Amin Dr./Shallowford Village Dr. & Shallowford Rd.,7:15,4,5,1,,4,97,3,,7,5,21,,11,208,9,
Amin Dr./Shallowford Village Dr. & Shallowford Rd.,7:30,7,5,2,,3,109,4,,6,2,15,,9,256,10,
Amin Dr./Shallowford Village Dr. & Shallowford Rd.,7:45,3,2,4,,1,106,6,,3,1,14,,12,215,9,
Amin Dr./Shallowford Village Dr. & Shallowford Rd.,8:00,5,2,2,,1,118,4,,5,,24,,14,204,9,
Amin Dr./Shallowford Village Dr. & Shallowford Rd.,8:15,6,2,2,,,114,1,,4,2,23,,16,203,7,
Amin Dr./Shallowford Village Dr. & Shallowford Rd.,8:30,2,1,3,,1,127,5,,9,4,11,,17,220,9,
Amin Dr./Shallowford Village Dr. & Shallowford Rd.,8:45,6,7,5,,1,148,11,,13,3,24,,23,198,9,
Amin Dr./Shallowford Village Dr. & Shallowford Rd.,9:00,4,2,4,,5,134,4,,2,3,26,,16,171,3,
Amin Dr./Shallowford Village Dr. & Shallowford Rd.,9:15,5,4,1,,3,140,5,,5,2,19,,12,153,15,
Amin Dr./Shallowford Village Dr. & Shallowford Rd.,9:30,4,2,4,,5,153,3,,3,2,19,,16,179,4,
Amin Dr./Shallowford Village Dr. & Shallowford Rd.,9:45,3,2,7,,,151,10,,1,4,13,,19,181,8,
Amin Dr./Shallowford Village Dr. & Shallowford Rd.,10:00,7,6,5,,7,181,4,,3,3,32,,14,168,6,
Amin Dr./Shallowford Village Dr. & Shallowford Rd.,10:15,5,4,11,,5,183,4,,2,3,20,,15,176,8,
Amin Dr./Shallowford Village Dr. & Shallowford Rd.,10:30,9,6,5,,7,182,7,,8,2,29,,10,203,9,
Amin Dr./Shallowford Village Dr. & Shallowford Rd.,10:45,4,2,2,,7,187,9,,13,3,10,,12,195,9,
Amin Dr./Shallowford Village Dr. & Shallowford Rd.,11:00,12,1,3,,4,184,12,,6,6,17,,17,197,7,
Amin Dr./Shallowford Village Dr. & Shallowford Rd.,11:15,7,1,2,,10,162,10,,10,2,15,,13,204,10,
Amin Dr./Shallowford Village Dr. & Shallowford Rd.,11:30,3,2,5,,6,202,13,,8,6,13,,19,183,14,
Amin Dr./Shallowford Village Dr. & Shallowford Rd.,11:45,3,3,11,,2,233,21,,11,4,32,,17,197,9,
Amin Dr./Shallowford Village Dr. & Shallowford Rd.,12:00,6,3,3,,11,225,13,,6,3,18,,18,210,13,
Amin Dr./Shallowford Village Dr. & Shallowford Rd.,12:15,9,5,7,,1,220,10,,10,7,26,,15,268,10,
Amin Dr./Shallowford Village Dr. & Shallowford Rd.,12:30,4,8,8,,5,191,15,,10,2,21,,23,213,21,
Amin Dr./Shallowford Village Dr. & Shallowford Rd.,12:45,7,1,8,,8,219,12,,5,6,19,,16,250,10,
Amin Dr./Shallowford Village Dr. & Shallowford Rd.,13:00,3,2,9,,4,223,13,,5,7,18,,16,211,7,1
Amin Dr./Shallowford Village Dr. & Shallowford Rd.,13:15,16,2,9,,6,224,11,,13,2,14,,15,225,12,
Amin Dr./Shallowford Village Dr. & Shallowford Rd.,13:30,11,5,12,,10,203,6,,8,7,26,,16,231,10,
Amin Dr./Shallowford Village Dr. & Shallowford Rd.,13:45,9,4,4,,4,213,11,,7,2,28,,23,227,12,
Amin Dr./Shallowford Village Dr. & Shallowford Rd.,14:00,4,2,5,,5,197,8,,6,2,21,,13,224,13,
Amin Dr./Shallowford Village Dr. & Shallowford Rd.,14:15,4,7,7,,3,174,9,,11,3,30,,14,209,14,
Amin Dr./Shallowford Village Dr. & Shallowford Rd.,14:30,10,2,6,,4,213,7,,9,3,20,,18,225,13,
Amin Dr./Shallowford Village Dr. & Shallowford Rd.,14:45,7,6,9,,2,201,13,,7,1,26,1,19,224,13,
Amin Dr./Shallowford Village Dr. & Shallowford Rd.,15:00,3,2,5,,8,162,6,,4,3,17,,22,235,20,
Amin Dr./Shallowford Village Dr. & Shallowford Rd.,15:15,3,3,6,,8,222,8,,9,1,16,,12,251,22,
Amin Dr./Shallowford Village Dr. & Shallowford Rd.,15:30,4,8,9,,11,176,5,,7,5,31,,10,218,12,
Amin Dr./Shallowford Village Dr. & Shallowford Rd.,15:45,7,4,6,,3,193,8,,6,3,18,,26,240,22,
Amin Dr./Shallowford Village Dr. & Shallowford Rd.,16:00,13,3,13,,7,200,14,,8,7,28,,14,195,19,
Amin Dr./Shallowford Village Dr. & Shallowford Rd.,16:15,6,3,16,,9,208,7,,4,,19,,20,226,18,
Amin Dr./Shallowford Village Dr. & Shallowford Rd.,16:30,10,2,4,,7,210,10,,8,5,18,,17,224,19,1
Amin Dr./Shallowford Village Dr. & Shallowford Rd.,16:45,11,6,6,,12,210,16,,5,2,15,,18,192,24,
Amin Dr./Shallowford Village Dr. & Shallowford Rd.,17:00,11,2,12,,9,223,12,,11,5,17,,21,206,23,
Amin Dr./Shallowford Village Dr. & Shallowford Rd.,17:15,18,9,8,,8,173,11,,9,3,26,,22,205,28,
Amin Dr./Shallowford Village Dr. & Shallowford Rd.,17:30,14,8,10,,13,188,17,,12,6,13,,33,211,22,
Amin Dr./Shallowford Village Dr. & Shallowford Rd.,17:45,17,9,9,,12,199,9,,6,2,30,,18,174,24,
Amin Dr./Shallowford Village Dr. & Shallowford Rd.,18:00,19,10,5,,8,203,16,,5,1,24,,15,189,20,
Amin Dr./Shallowford Village Dr. & Shallowford Rd.,18:15,22,14,9,,9,155,11,,6,6,27,,29,148,34,
Amin Dr./Shallowford Village Dr. & Shallowford Rd.,18:30,20,7,6,,5,181,9,,8,9,22,,29,175,26,
Amin Dr./Shallowford Village Dr. & Shallowford Rd.,18:45,11,13,6,,9,184,9,,10,4,24,,25,122,23,
Amin Dr./Shallowford Village Dr. & Shallowford Rd.,19:00,16,12,7,,3,175,2,,9,8,24,,19,155,17,
Amin Dr./Shallowford Village Dr. & Shallowford Rd.,19:15,16,15,6,,2,151,9,,2,8,15,,33,161,16,
Amin Dr./Shallowford Village Dr. & Shallowford Rd.,19:30,15,15,6,,7,121,6,,14,6,25,,18,156,24,
Amin Dr./Shallowford Village Dr. & Shallowford Rd.,19:45,15,12,5,,3,113,7,,7,8,26,,16,158,14,
Amin Dr./Shallowford Village Dr. & Shallowford Rd.,20:00,10,7,7,,8,120,9,,5,5,19,,33,137,20,
Amin Dr./Shallowford Village Dr. & Shallowford Rd.,20:15,22,11,7,,3,148,12,,10,1,14,,24,144,19,
Amin Dr./Shallowford Village Dr. & Shallowford Rd.,20:30,11,4,2,,7,101,11,,4,6,19,,14,144,15,1
Amin Dr./Shallowford Village Dr. & Shallowford Rd.,20:45,10,5,6,,1,107,6,,7,5,15,,19,114,17,
Amin Dr./Shallowford Village Dr. & Shallowford Rd.,21:00,6,7,5,,8,106,12,,8,6,21,,19,147,11,
Amin Dr./Shallowford Village Dr. & Shallowford Rd.,21:15,14,8,7,,3,92,7,,6,5,10,,9,129,3,
Amin Dr./Shallowford Village Dr. & Shallowford Rd.,21:30,9,4,7,,2,77,3,,3,6,13,,4,91,3,
Amin Dr./Shallowford Village Dr. & Shallowford Rd.,21:45,11,6,6,,5,61,8,,7,1,7,,8,88,5,
Amin Dr./Shallowford Village Dr. & Shallowford Rd.,22:00,5,5,6,,1,78,9,,4,2,8,,13,87,1,
Amin Dr./Shallowford Village Dr. & Shallowford Rd.,22:15,9,7,4,,6,52,6,,3,1,9,,6,65,,
Amin Dr./Shallowford Village Dr. & Shallowford Rd.,22:30,15,1,6,,3,43,3,,8,3,6,,13,62,1,
Amin Dr./Shallowford Village Dr. & Shallowford Rd.,22:45,11,5,2,,,43,6,,2,6,8,,7,50,,
Amin Dr./Shallowford Village Dr. & Shallowford Rd.,23:00,5,,4,,3,33,2,,7,5,5,,1,44,,
Amin Dr./Shallowford Village Dr. & Shallowford Rd.,23:15,4,4,1,,,32,3,,2,2,5,,4,45,,
Amin Dr./Shallowford Village Dr. & Shallowford Rd.,23:30,3,,2,,,21,4,,3,3,6,,4,28,,
Amin Dr./Shallowford Village Dr. & Shallowford Rd.,23:45,4,,1,,,22,3,,4,,7,,4,37,2,
Shallowford Rd. & I-75 SB Off Ramp,00:00,,,,,,22,,,4,,10,,,28,9,
Shallowford Rd. & I-75 SB Off Ramp,00:15,,,,,,22,,,3,,6,,,26,8,
Shallowford Rd. & I-75 SB Off Ramp,00:30,,,,,,16,,,4,,6,,,19,10,
Shallowford Rd. & I-75 SB Off Ramp,00:45,,,,,,12,,,6,,4,,,20,9,
Shallowford Rd. & I-75 SB Off Ramp,01:00,,,,,,17,,,4,2,,,,24,13,
Shallowford Rd. & I-75 SB Off Ramp,01:15,,,,,,10,,,3,1,1,,,11,5,
Shallowford Rd. & I-75 SB Off Ramp,01:30,,,,,,13,,,2,,2,,,12,4,
Shallowford Rd. & I-75 SB Off Ramp,01:45,,,,,,11,,,3,,3,,,16,3,
Shallowford Rd. & I-75 SB Off Ramp,02:00,,,,,,10,,,3,,1,,,5,5,
Shallowford Rd. & I-75 SB Off Ramp,02:15,,,,,,9,,,2,,1,,,9,4,
Shallowford Rd. & I-75 SB Off Ramp,02:30,,,,,,4,,,1,1,2,,,8,4,
Shallowford Rd. & I-75 SB Off Ramp,02:45,,,,,,13,,,4,,4,,,7,4,
Shallowford Rd. & I-75 SB Off Ramp,03:00,,,,,,10,,,4,,3,,,7,1,
Shallowford Rd. & I-75 SB Off Ramp,03:15,,,,,,4,,,5,,1,,,4,2,
Shallowford Rd. & I-75 SB Off Ramp,03:30,,,,,,8,,,3,,4,,,8,2,
Shallowford Rd. & I-75 SB Off Ramp,03:45,,,,,,6,,,9,1,,,,5,8,
Shallowford Rd. & I-75 SB Off Ramp,04:00,,,,,,5,,,2,,3,,,13,6,
Shallowford Rd. & I-75 SB Off Ramp,04:15,,,,,,6,,,8,,8,,,8,6,
Shallowford Rd. & I-75 SB Off Ramp,04:30,,,,,,13,,,4,2,7,,,11,8,
Shallowford Rd. & I-75 SB Off Ramp,04:45,,,,,,23,,,10,,21,,,25,10,
Shallowford Rd. & I-75 SB Off Ramp,05:00,,,,,,16,,,10,1,6,1,,11,12,
Shallowford Rd. & I-75 SB Off Ramp,05:15,,,,,1,26,,,8,,14,,,23,13,
Shallowford Rd. & I-75 SB Off Ramp,05:30,,,,,1,21,,,12,,12,,,27,16,
Shallowford Rd. & I-75 SB Off Ramp,05:45,,,,,2,35,,,16,,33,,,34,27,
Shallowford Rd. & I-75 SB Off Ramp,06:00,,,,,,36,,,26,1,34,,,44,35,
Shallowford Rd. & I-75 SB Off Ramp,06:15,,,,,21,53,,,30,2,44,1,,60,40,
Shallowford Rd. & I-75 SB Off Ramp,06:30,,,,,23,51,,,43,,51,,,84,52,
Shallowford Rd. & I-75 SB Off Ramp,06:45,,,,,21,75,1,,55,3,102,,,92,45,1
Shallowford Rd. & I-75 SB Off Ramp,07:00,,,,,31,67,,,59,2,76,,,97,80,
Shallowford Rd. & I-75 SB Off Ramp,07:15,,,,,28,81,,,76,1,84,,,134,68,
Shallowford Rd. & I-75 SB Off Ramp,07:30,,,,,26,90,,,93,2,107,1,1,179,104,
Shallowford Rd. & I-75 SB Off Ramp,07:45,,,,,17,110,,,91,2,112,1,1,168,78,
Shallowford Rd. & I-75 SB Off Ramp,08:00,,,,,26,102,,,67,,101,1,1,170,87,
Shallowford Rd. & I-75 SB Off Ramp,08:15,,,,,30,106,,,64,,95,2,,185,77,1
Shallowford Rd. & I-75 SB Off Ramp,08:30,,,,,18,117,,,71,2,95,,,170,84,
Shallowford Rd. & I-75 SB Off Ramp,08:45,,,,,15,132,,,83,4,108,,,179,83,
Shallowford Rd. & I-75 SB Off Ramp,09:00,,,,,16,147,,,50,1,122,1,,159,85,
Shallowford Rd. & I-75 SB Off Ramp,09:15,,,,,21,143,,,47,2,91,,,163,88,
Shallowford Rd. & I-75 SB Off Ramp,09:30,,,,,25,149,,,46,2,101,,,148,71,
Shallowford Rd. & I-75 SB Off Ramp,09:45,,,,,22,114,,,55,1,131,,,171,96,
Shallowford Rd. & I-75 SB Off Ramp,10:00,,,,,34,163,,,41,2,99,,,157,64,
Shallowford Rd. & I-75 SB Off Ramp,10:15,,,,,26,183,,,40,1,119,,,152,99,
Shallowford Rd. & I-75 SB Off Ramp,10:30,,,,,27,182,,,46,1,113,,,176,65,
Shallowford Rd. & I-75 SB Off Ramp,10:45,,,,,26,169,,,47,1,115,,,186,92,
Shallowford Rd. & I-75 SB Off Ramp,11:00,,,,,25,165,,,39,,98,,,189,82,
Shallowford Rd. & I-75 SB Off Ramp,11:15,,,,,18,148,,,35,,127,,,201,92,
Shallowford Rd. & I-75 SB Off Ramp,11:30,,,,,32,193,,,41,,133,,,159,80,
Shallowford Rd. & I-75 SB Off Ramp,11:45,,,,,26,206,,,44,,119,,,196,93,
Shallowford Rd. & I-75 SB Off Ramp,12:00,,,,,22,214,,,39,2,124,,,215,126,
Shallowford Rd. & I-75 SB Off Ramp,12:15,,,,,23,224,,,45,3,141,,,219,78,
Shallowford Rd. & I-75 SB Off Ramp,12:30,,,,,16,225,,,43,,116,,,225,86,
Shallowford Rd. & I-75 SB Off Ramp,12:45,,,,,18,207,,,30,,134,,,230,105,
Shallowford Rd. & I-75 SB Off Ramp,13:00,,,,,29,215,,,40,1,92,,,234,113,
Shallowford Rd. & I-75 SB Off Ramp,13:15,,,,,28,203,,,42,1,125,,,207,96,
Shallowford Rd. & I-75 SB Off Ramp,13:30,,,,,31,204,,,40,,109,,,228,115,
Shallowford Rd. & I-75 SB Off Ramp,13:45,,,,,37,209,,,52,2,98,,,217,97,
Shallowford Rd. & I-75 SB Off Ramp,14:00,,,,,30,188,,,42,,101,,,217,99,
Shallowford Rd. & I-75 SB Off Ramp,14:15,,,,,36,189,,,42,,82,,,218,94,
Shallowford Rd. & I-75 SB Off Ramp,14:30,,,,,31,195,,,41,1,121,,,206,127,
Shallowford Rd. & I-75 SB Off Ramp,14:45,,,,,26,185,,,46,1,122,,,216,120,
Shallowford Rd. & I-75 SB Off Ramp,15:00,,,,,28,192,,1,51,,99,,,227,96,
Shallowford Rd. & I-75 SB Off Ramp,15:15,,,,,28,190,,,49,2,88,,,259,94,
Shallowford Rd. & I-75 SB Off Ramp,15:30,,,,,31,176,,,42,1,96,,,223,119,
Shallowford Rd. & I-75 SB Off Ramp,15:45,,,,,33,200,,,38,1,81,,,228,111,
Shallowford Rd. & I-75 SB Off Ramp,16:00,,,,,43,205,,,42,,91,,,213,134,
Shallowford Rd. & I-75 SB Off Ramp,16:15,,,,,38,215,,,39,,97,,,250,142,
Shallowford Rd. & I-75 SB Off Ramp,16:30,,,,,37,198,,,49,,91,,,201,119,
Shallowford Rd. & I-75 SB Off Ramp,16:45,,,,,35,222,,,46,1,113,,,194,107,
Shallowford Rd. & I-75 SB Off Ramp,17:00,,,,,50,218,,,59,1,91,,,214,157,
Shallowford Rd. & I-75 SB Off Ramp,17:15,,,,,26,198,,,47,3,122,,,213,140,
Shallowford Rd. & I-75 SB Off Ramp,17:30,,,,,43,197,,,38,1,133,,,223,122,
Shallowford Rd. & I-75 SB Off Ramp,17:45,,,,,37,215,,,60,2,112,,,207,107,
Shallowford Rd. & I-75 SB Off Ramp,18:00,,,,,38,204,,,53,,132,,,213,100,
Shallowford Rd. & I-75 SB Off Ramp,18:15,,,,,16,155,,,41,1,115,,,178,105,
Shallowford Rd. & I-75 SB Off Ramp,18:30,,,,,34,177,,,34,2,88,,,187,91,
Shallowford Rd. & I-75 SB Off Ramp,18:45,,,,,23,175,,,30,1,84,,,205,104,
Shallowford Rd. & I-75 SB Off Ramp,19:00,,,,,28,195,,,24,2,67,,,202,95,
Shallowford Rd. & I-75 SB Off Ramp,19:15,,,,,35,140,,,28,2,73,,,184,80,
Shallowford Rd. & I-75 SB Off Ramp,19:30,,,,,35,159,,,27,1,52,,,166,75,
Shallowford Rd. & I-75 SB Off Ramp,19:45,,,,,25,147,,,28,2,48,,,198,76,
Shallowford Rd. & I-75 SB Off Ramp,20:00,,,,,29,131,,,21,1,53,,,171,78,
Shallowford Rd. & I-75 SB Off Ramp,20:15,,,,,21,153,,,17,,41,,,190,73,
Shallowford Rd. & I-75 SB Off Ramp,20:30,,,,,21,115,,,17,1,44,,,167,80,
Shallowford Rd. & I-75 SB Off Ramp,20:45,,,,,22,105,,,14,2,30,,,139,72,
Shallowford Rd. & I-75 SB Off Ramp,21:00,,,,,21,112,,1,22,1,30,,,154,69,
Shallowford Rd. & I-75 SB Off Ramp,21:15,,,,,2,99,,,13,1,26,1,1,153,42,
Shallowford Rd. & I-75 SB Off Ramp,21:30,,,,,,91,,,14,1,18,1,,114,51,
Shallowford Rd. & I-75 SB Off Ramp,21:45,,,,,1,71,,,14,,18,,,99,53,
Shallowford Rd. & I-75 SB Off Ramp,22:00,,,,,1,72,,,12,1,21,,,115,34,
Shallowford Rd. & I-75 SB Off Ramp,22:15,,,,,,69,,,14,,10,,,71,22,
Shallowford Rd. & I-75 SB Off Ramp,22:30,,,,,,51,,,15,1,10,,,81,20,
Shallowford Rd. & I-75 SB Off Ramp,22:45,,,,,,52,,,9,,17,,,52,31,
Shallowford Rd. & I-75 SB Off Ramp,23:00,,,,,,47,,,6,,14,,,63,24,
Shallowford Rd. & I-75 SB Off Ramp,23:15,,,,,1,39,,,3,,13,,,46,20,
Shallowford Rd. & I-75 SB Off Ramp,23:30,,,,,,23,,,3,,8,1,,36,10,
Shallowford Rd. & I-75 SB Off Ramp,23:45,,,,,1,25,,,4,1,10,1,,29,11,
Hamilton Place Blvd./Napier Dr. & Shallowford Rd.,00:00,,,5,,,33,,,,,,,,22,,
Hamilton Place Blvd./Napier Dr. & Shallowford Rd.,00:15,,,5,,,27,,,,,,,,29,2,
Hamilton Place Blvd./Napier Dr. & Shallowford Rd.,00:30,,,5,,1,27,,,,,,,,24,,
Hamilton Place Blvd./Napier Dr. & Shallowford Rd.,00:45,,,6,,,19,,,,,,,,23,,
Hamilton Place Blvd./Napier Dr. & Shallowford Rd.,01:00,,,7,,,17,,,,,,,,21,2,
Hamilton Place Blvd./Napier Dr. & Shallowford Rd.,01:15,1,,3,,,15,,,,,,,,21,,
Hamilton Place Blvd./Napier Dr. & Shallowford Rd.,01:30,1,,,,1,11,,,,,,,,9,,
Hamilton Place Blvd./Napier Dr. & Shallowford Rd.,01:45,2,,1,,,10,1,,,,,,,15,,
Hamilton Place Blvd./Napier Dr. & Shallowford Rd.,02:00,,,,,,9,,,1,,,,1,10,,
Hamilton Place Blvd./Napier Dr. & Shallowford Rd.,02:15,,,,,,5,,,,,,,,8,1,
Hamilton Place Blvd./Napier Dr. & Shallowford Rd.,02:30,,,1,,,7,,,,,,,,8,,
Hamilton Place Blvd./Napier Dr. & Shallowford Rd.,02:45,,1,1,,1,9,1,,,,,,,6,,
Hamilton Place Blvd./Napier Dr. & Shallowford Rd.,03:00,1,1,,,,13,1,,,1,,,,8,,
Hamilton Place Blvd./Napier Dr. & Shallowford Rd.,03:15,,,1,,,6,,,,,,,,6,1,
Hamilton Place Blvd./Napier Dr. & Shallowford Rd.,03:30,1,,,,,12,,,,,1,,,8,,
Hamilton Place Blvd./Napier Dr. & Shallowford Rd.,03:45,,,3,,,6,,,,,,,,11,,
Hamilton Place Blvd./Napier Dr. & Shallowford Rd.,04:00,,,1,,,8,,,1,,,,,14,,
Hamilton Place Blvd./Napier Dr. & Shallowford Rd.,04:15,,,,,,15,,,,,,,,11,1,
Hamilton Place Blvd./Napier Dr. & Shallowford Rd.,04:30,,,4,,,15,1,,2,,,,,15,,
Hamilton Place Blvd./Napier Dr. & Shallowford Rd.,04:45,1,,6,,,39,1,,,,,,,28,,
Hamilton Place Blvd./Napier Dr. & Shallowford Rd.,05:00,1,,2,,,35,,,1,,,,1,23,1,
Hamilton Place Blvd./Napier Dr. & Shallowford Rd.,05:15,,,5,,,33,2,,,,,,,35,2,
Hamilton Place Blvd./Napier Dr. & Shallowford Rd.,05:30,,,4,,1,29,,,,,,,,40,2,
Hamilton Place Blvd./Napier Dr. & Shallowford Rd.,05:45,1,,3,,,74,4,,2,1,,,1,56,4,
Hamilton Place Blvd./Napier Dr. & Shallowford Rd.,06:00,4,,13,,5,60,1,,1,,,,,92,1,
Hamilton Place Blvd./Napier Dr. & Shallowford Rd.,06:15,,1,17,,1,98,6,,1,,,,,95,6,
Hamilton Place Blvd./Napier Dr. & Shallowford Rd.,06:30,3,2,15,,3,125,6,,,,,,,110,4,
Hamilton Place Blvd./Napier Dr. & Shallowford Rd.,06:45,1,2,12,,1,179,14,,,,,,,119,6,
Hamilton Place Blvd./Napier Dr. & Shallowford Rd.,07:00,7,4,22,,5,115,9,,5,2,3,,1,169,13,
Hamilton Place Blvd./Napier Dr. & Shallowford Rd.,07:15,6,1,19,,1,177,18,1,5,1,,,1,173,10,
Hamilton Place Blvd./Napier Dr. & Shallowford Rd.,07:30,4,5,38,,5,217,9,,4,1,1,,1,233,20,
Hamilton Place Blvd./Napier Dr. & Shallowford Rd.,07:45,8,5,34,,4,233,17,,1,2,2,,2,222,15,
Hamilton Place Blvd./Napier Dr. & Shallowford Rd.,08:00,6,6,27,,5,217,12,,5,1,1,,,217,19,
Hamilton Place Blvd./Napier Dr. & Shallowford Rd.,08:15,8,,28,,10,219,13,,5,1,,,,247,17,
Hamilton Place Blvd./Napier Dr. & Shallowford Rd.,08:30,13,5,39,,4,209,11,,1,,,,1,241,25,
Hamilton Place Blvd./Napier Dr. & Shallowford Rd.,08:45,9,5,21,,5,252,16,,6,1,1,,1,219,15,
Hamilton Place Blvd./Napier Dr. & Shallowford Rd.,09:00,7,,26,,6,237,11,,3,2,3,,2,221,10,
Hamilton Place Blvd./Napier Dr. & Shallowford Rd.,09:15,16,4,40,,3,219,13,,3,1,1,,1,222,14,
Hamilton Place Blvd./Napier Dr. & Shallowford Rd.,09:30,16,7,40,,2,234,7,,12,4,3,,,195,21,
Hamilton Place Blvd./Napier Dr. & Shallowford Rd.,09:45,11,6,37,,5,216,12,,7,1,2,,2,251,14,
Hamilton Place Blvd./Napier Dr. & Shallowford Rd.,10:00,8,7,41,,5,217,15,,2,5,,,2,214,13,
Hamilton Place Blvd./Napier Dr. & Shallowford Rd.,10:15,19,8,53,,10,249,11,,7,2,1,,3,232,10,
Hamilton Place Blvd./Napier Dr. & Shallowford Rd.,10:30,20,8,52,,6,259,14,,6,3,2,,3,248,16,
Hamilton Place Blvd./Napier Dr. & Shallowford Rd.,10:45,21,4,55,,3,235,17,,7,5,5,,2,236,30,
Hamilton Place Blvd./Napier Dr. & Shallowford Rd.,11:00,15,10,51,,5,219,7,,9,4,1,,4,262,18,
Hamilton Place Blvd./Napier Dr. & Shallowford Rd.,11:15,22,13,63,,5,230,10,,10,4,2,,3,269,17,
Hamilton Place Blvd./Napier Dr. & Shallowford Rd.,11:30,12,10,62,,7,262,13,,7,1,1,,2,242,16,
Hamilton Place Blvd./Napier Dr. & Shallowford Rd.,11:45,17,5,65,,7,281,15,,10,7,4,,6,267,24,
Hamilton Place Blvd./Napier Dr. & Shallowford Rd.,12:00,18,18,92,,10,225,15,,10,7,5,,1,320,20,
Hamilton Place Blvd./Napier Dr. & Shallowford Rd.,12:15,27,5,74,,12,299,17,,8,7,1,,1,298,23,
Hamilton Place Blvd./Napier Dr. & Shallowford Rd.,12:30,24,11,87,,8,286,15,,13,6,4,,2,309,19,
Hamilton Place Blvd./Napier Dr. & Shallowford Rd.,12:45,26,11,108,,11,289,16,,8,4,6,,3,316,19,
Hamilton Place Blvd./Napier Dr. & Shallowford Rd.,13:00,21,13,98,,11,267,14,,6,4,8,,3,306,19,
Hamilton Place Blvd./Napier Dr. & Shallowford Rd.,13:15,30,8,90,,5,294,12,,14,7,6,,8,306,18,
Hamilton Place Blvd./Napier Dr. & Shallowford Rd.,13:30,26,10,104,,5,262,11,,9,5,4,,9,301,23,
Hamilton Place Blvd./Napier Dr. & Shallowford Rd.,13:45,35,15,101,,9,254,19,,22,9,3,,5,293,17,
Hamilton Place Blvd./Napier Dr. & Shallowford Rd.,14:00,26,13,101,,14,242,11,,12,3,1,,5,311,12,
Hamilton Place Blvd./Napier Dr. & Shallowford Rd.,14:15,24,7,84,,9,255,13,,13,5,3,,4,286,19,
Hamilton Place Blvd./Napier Dr. & Shallowford Rd.,14:30,22,14,87,,11,258,12,,10,6,4,,4,319,19,
Hamilton Place Blvd./Napier Dr. & Shallowford Rd.,14:45,21,11,94,,14,292,13,,13,6,,,4,287,20,
Hamilton Place Blvd./Napier Dr. & Shallowford Rd.,15:00,14,8,94,,15,261,12,,14,2,1,,1,325,17,1
Hamilton Place Blvd./Napier Dr. & Shallowford Rd.,15:15,28,12,99,,10,250,16,,15,3,3,,7,329,20,
Hamilton Place Blvd./Napier Dr. & Shallowford Rd.,15:30,21,12,89,,10,247,13,,13,5,3,,4,308,22,
Hamilton Place Blvd./Napier Dr. & Shallowford Rd.,15:45,33,6,87,,12,235,13,,14,2,1,,2,315,21,
Hamilton Place Blvd./Napier Dr. & Shallowford Rd.,16:00,28,11,89,,7,277,10,,16,7,4,,3,351,17,
Hamilton Place Blvd./Napier Dr. & Shallowford Rd.,16:15,25,11,78,,10,247,12,,27,5,3,,2,333,12,
Hamilton Place Blvd./Napier Dr. & Shallowford Rd.,16:30,16,5,106,,15,251,14,,13,5,3,,3,306,22,
Hamilton Place Blvd./Napier Dr. & Shallowford Rd.,16:45,21,4,77,,8,289,11,,19,2,5,,5,316,17,
Hamilton Place Blvd./Napier Dr. & Shallowford Rd.,17:00,21,5,91,,17,296,18,1,28,8,3,,4,334,18,
Hamilton Place Blvd./Napier Dr. & Shallowford Rd.,17:15,15,10,96,,14,291,9,,17,4,3,,3,368,25,
Hamilton Place Blvd./Napier Dr. & Shallowford Rd.,17:30,27,9,84,,12,309,15,,13,5,1,,1,308,24,
Hamilton Place Blvd./Napier Dr. & Shallowford Rd.,17:45,7,10,55,,29,316,19,,8,5,1,,2,324,16,
Hamilton Place Blvd./Napier Dr. & Shallowford Rd.,18:00,31,9,81,,12,286,16,1,8,8,1,,4,276,28,
Hamilton Place Blvd./Napier Dr. & Shallowford Rd.,18:15,17,14,83,,17,259,12,,17,5,2,,,256,20,
Hamilton Place Blvd./Napier Dr. & Shallowford Rd.,18:30,25,8,83,,14,257,12,,14,5,2,,2,262,29,
Hamilton Place Blvd./Napier Dr. & Shallowford Rd.,18:45,18,13,71,,12,271,10,,6,5,3,,1,230,19,
Hamilton Place Blvd./Napier Dr. & Shallowford Rd.,19:00,20,18,96,,16,238,6,,8,2,3,,3,243,20,
Hamilton Place Blvd./Napier Dr. & Shallowford Rd.,19:15,18,18,101,,16,229,14,,6,6,4,,2,230,13,
Hamilton Place Blvd./Napier Dr. & Shallowford Rd.,19:30,20,13,55,,11,201,16,,12,2,6,,3,223,14,
Hamilton Place Blvd./Napier Dr. & Shallowford Rd.,19:45,22,11,100,,5,183,9,,8,6,4,,4,213,12,
Hamilton Place Blvd./Napier Dr. & Shallowford Rd.,20:00,24,13,101,,3,168,5,,9,7,3,,2,248,15,
Hamilton Place Blvd./Napier Dr. & Shallowford Rd.,20:15,25,12,84,,6,159,9,,9,1,3,,1,217,24,
Hamilton Place Blvd./Napier Dr. & Shallowford Rd.,20:30,18,8,52,,6,157,9,,5,3,2,,,214,13,
Hamilton Place Blvd./Napier Dr. & Shallowford Rd.,20:45,18,6,75,,5,129,3,,6,1,2,,1,159,8,
Hamilton Place Blvd./Napier Dr. & Shallowford Rd.,21:00,16,6,75,,7,133,5,,2,4,2,,2,197,9,
Hamilton Place Blvd./Napier Dr. & Shallowford Rd.,21:15,13,2,44,,4,126,3,,7,2,,,,213,12,
Hamilton Place Blvd./Napier Dr. & Shallowford Rd.,21:30,9,2,43,,4,106,1,1,5,1,1,,,170,8,
Hamilton Place Blvd./Napier Dr. & Shallowford Rd.,21:45,9,6,34,,3,102,3,,7,1,,,,163,7,
Hamilton Place Blvd./Napier Dr. & Shallowford Rd.,22:00,5,,31,,2,95,1,,2,,,,1,126,5,
Hamilton Place Blvd./Napier Dr. & Shallowford Rd.,22:15,4,2,20,,2,66,1,,2,,,,1,80,1,
Hamilton Place Blvd./Napier Dr. & Shallowford Rd.,22:30,5,,16,,1,58,2,,,,,,,89,1,
Hamilton Place Blvd./Napier Dr. & Shallowford Rd.,22:45,2,,15,,,60,,,1,,,,,59,1,
Hamilton Place Blvd./Napier Dr. & Shallowford Rd.,23:00,2,1,11,,3,61,,,1,,,,,68,2,
Hamilton Place Blvd./Napier Dr. & Shallowford Rd.,23:15,1,,14,,,50,,,,,1,,1,60,,
Hamilton Place Blvd./Napier Dr. & Shallowford Rd.,23:30,2,,7,,,26,1,,5,,,,,40,,
Hamilton Place Blvd./Napier Dr. & Shallowford Rd.,23:45,,,7,,1,29,,,,,,,,27,,
Lifestyle Way & Shallowford Rd.,00:00,1,,1,,2,31,,,,,,,,21,,
Lifestyle Way & Shallowford Rd.,00:15,,,,,,24,1,,3,,,,,26,1,
Lifestyle Way & Shallowford Rd.,00:30,,,3,,2,24,4,,8,,,,1,21,1,
Lifestyle Way & Shallowford Rd.,00:45,1,,1,,1,18,1,,,,1,,,19,,
Lifestyle Way & Shallowford Rd.,01:00,,,2,,3,16,,,4,,,,,12,,
Lifestyle Way & Shallowford Rd.,01:15,2,,1,,1,17,1,,2,,,,,15,,
Lifestyle Way & Shallowford Rd.,01:30,,1,,,,11,,,,1,,,,11,,
Lifestyle Way & Shallowford Rd.,01:45,,,1,,,14,1,,1,,,,,11,,
Lifestyle Way & Shallowford Rd.,02:00,,,1,,3,8,1,,,,,,,5,,
Lifestyle Way & Shallowford Rd.,02:15,,,1,,,4,1,,1,,,,,9,,
Lifestyle Way & Shallowford Rd.,02:30,,,1,,,7,,,,,,,,7,,
Lifestyle Way & Shallowford Rd.,02:45,,,,,,8,,1,1,,,,,10,,
Lifestyle Way & Shallowford Rd.,03:00,,,1,,2,13,2,,,,,,,3,,
Lifestyle Way & Shallowford Rd.,03:15,,,1,,,7,1,,1,,,,,12,,
Lifestyle Way & Shallowford Rd.,03:30,,,1,,,14,,,,,,,,7,,
Lifestyle Way & Shallowford Rd.,03:45,,,,,,6,,,,,,,,9,,
Lifestyle Way & Shallowford Rd.,04:00,,,1,,,7,1,,,,,,,12,,
Lifestyle Way & Shallowford Rd.,04:15,,,,,,16,3,,1,,,,,17,,
Lifestyle Way & Shallowford Rd.,04:30,,,1,,,15,3,,1,,1,,,24,,
Lifestyle Way & Shallowford Rd.,04:45,,,1,,2,43,1,,1,,,,,19,,
Lifestyle Way & Shallowford Rd.,05:00,,,,,,23,4,,,,1,,,22,,
Lifestyle Way & Shallowford Rd.,05:15,,,,,,37,2,,2,,1,,,32,1,
Lifestyle Way & Shallowford Rd.,05:30,,,2,,1,36,1,,,,1,,2,49,,
Lifestyle Way & Shallowford Rd.,05:45,1,,3,,1,80,5,,,,,,,60,,
Lifestyle Way & Shallowford Rd.,06:00,1,1,4,,1,59,9,,3,1,1,,2,68,5,
Lifestyle Way & Shallowford Rd.,06:15,2,1,9,,9,92,8,,9,1,4,,3,79,6,
Lifestyle Way & Shallowford Rd.,06:30,5,3,7,,2,118,18,,2,1,2,,,109,3,
Lifestyle Way & Shallowford Rd.,06:45,,,7,,5,165,14,,4,3,,,6,121,2,
Lifestyle Way & Shallowford Rd.,07:00,4,2,7,,8,127,26,,14,4,4,,3,182,4,
Lifestyle Way & Shallowford Rd.,07:15,3,1,10,,6,186,22,,8,9,6,,4,173,11,
Lifestyle Way & Shallowford Rd.,07:30,5,1,17,,16,234,28,,10,2,3,,8,243,13,
Lifestyle Way & Shallowford Rd.,07:45,5,1,13,,7,271,32,,16,7,5,,7,262,9,
Lifestyle Way & Shallowford Rd.,08:00,5,4,5,,8,238,33,,19,8,1,,6,283,9,
Lifestyle Way & Shallowford Rd.,08:15,1,1,8,,8,215,28,,22,3,2,,10,267,1,
Lifestyle Way & Shallowford Rd.,08:30,1,1,11,,12,231,27,,20,4,1,,4,268,4,
Lifestyle Way & Shallowford Rd.,08:45,5,1,6,,11,274,23,,15,5,7,,11,214,2,
Lifestyle Way & Shallowford Rd.,09:00,5,,4,,7,251,24,,13,3,5,,6,201,4,
Lifestyle Way & Shallowford Rd.,09:15,3,1,9,,10,192,21,,24,2,3,,13,219,3,
Lifestyle Way & Shallowford Rd.,09:30,3,1,4,,11,225,30,,28,3,3,,11,215,3,
Lifestyle Way & Shallowford Rd.,09:45,3,1,8,,6,184,16,,12,7,5,,10,227,5,1
Lifestyle Way & Shallowford Rd.,10:00,7,1,6,,5,208,21,,23,7,11,,10,223,5,
Lifestyle Way & Shallowford Rd.,10:15,4,1,4,,5,224,40,,11,1,17,,9,219,3,
Lifestyle Way & Shallowford Rd.,10:30,6,,6,,14,247,22,,14,2,17,,12,240,7,
Lifestyle Way & Shallowford Rd.,10:45,4,3,10,,5,255,30,,23,3,11,,17,233,3,
Lifestyle Way & Shallowford Rd.,11:00,3,1,6,,6,231,28,,21,3,17,,18,239,3,
Lifestyle Way & Shallowford Rd.,11:15,6,2,6,,3,268,20,,21,1,11,,21,263,9,
Lifestyle Way & Shallowford Rd.,11:30,3,,17,,11,261,27,,20,4,12,,15,237,10,
Lifestyle Way & Shallowford Rd.,11:45,9,1,9,,6,273,37,,27,3,23,,11,266,5,
Lifestyle Way & Shallowford Rd.,12:00,6,1,8,,6,269,34,,40,7,11,,26,290,13,
Lifestyle Way & Shallowford Rd.,12:15,11,5,10,,9,304,33,,36,5,16,,18,296,8,
Lifestyle Way & Shallowford Rd.,12:30,7,2,17,,15,302,37,,30,4,20,,18,295,6,
Lifestyle Way & Shallowford Rd.,12:45,7,1,14,,5,307,49,,39,5,9,,19,297,8,1
Lifestyle Way & Shallowford Rd.,13:00,3,1,17,,5,290,29,,25,2,20,,14,295,4,
Lifestyle Way & Shallowford Rd.,13:15,10,2,16,,4,329,28,,30,6,16,,14,275,8,
Lifestyle Way & Shallowford Rd.,13:30,4,1,10,,8,274,48,,32,6,14,,14,281,5,
Lifestyle Way & Shallowford Rd.,13:45,6,1,13,,9,293,40,,27,5,20,,12,273,5,
Lifestyle Way & Shallowford Rd.,14:00,3,3,6,,2,268,40,,21,4,11,,13,303,2,
Lifestyle Way & Shallowford Rd.,14:15,7,1,8,,9,260,39,,31,3,16,,19,280,8,
Lifestyle Way & Shallowford Rd.,14:30,6,1,7,,4,266,34,,31,3,11,,18,291,,1
Lifestyle Way & Shallowford Rd.,14:45,2,3,4,,10,280,36,1,16,6,19,,19,265,2,
Lifestyle Way & Shallowford Rd.,15:00,5,,3,,4,250,26,,21,9,12,,11,328,8,
Lifestyle Way & Shallowford Rd.,15:15,4,3,9,,4,259,41,,36,2,22,,9,297,7,
Lifestyle Way & Shallowford Rd.,15:30,9,,10,,7,244,33,,24,3,12,,18,310,8,
Lifestyle Way & Shallowford Rd.,15:45,4,3,10,,6,273,33,,23,4,15,,12,310,4,1
Lifestyle Way & Shallowford Rd.,16:00,5,,4,,6,291,49,,28,5,11,,15,321,5,
Lifestyle Way & Shallowford Rd.,16:15,6,2,9,,9,264,37,,33,4,11,,16,294,8,
Lifestyle Way & Shallowford Rd.,16:30,4,3,11,,9,270,41,,26,4,15,,15,296,3,
Lifestyle Way & Shallowford Rd.,16:45,12,1,4,,8,292,35,,22,6,19,,18,308,3,
Lifestyle Way & Shallowford Rd.,17:00,4,4,8,,6,308,39,,45,7,14,,13,329,1,
Lifestyle Way & Shallowford Rd.,17:15,4,1,10,,14,316,28,,37,5,17,,18,317,6,
Lifestyle Way & Shallowford Rd.,17:30,5,2,11,,10,324,41,,26,3,19,,10,318,7,
Lifestyle Way & Shallowford Rd.,17:45,6,1,11,,15,302,50,,26,5,15,,16,273,9,
Lifestyle Way & Shallowford Rd.,18:00,5,,12,,7,284,46,,21,3,16,,12,255,5,
Lifestyle Way & Shallowford Rd.,18:15,6,,5,,11,246,35,,22,6,13,,16,260,3,1
Lifestyle Way & Shallowford Rd.,18:30,2,1,10,,9,265,28,,17,2,10,,15,279,6,
Lifestyle Way & Shallowford Rd.,18:45,4,1,8,,7,229,23,,23,3,12,,6,223,5,
Lifestyle Way & Shallowford Rd.,19:00,1,2,12,,10,228,27,,27,7,8,,10,234,4,
Lifestyle Way & Shallowford Rd.,19:15,1,,8,,8,201,18,,26,10,8,,6,210,5,
Lifestyle Way & Shallowford Rd.,19:30,8,1,11,,8,175,27,,24,6,9,,8,183,3,1
Lifestyle Way & Shallowford Rd.,19:45,1,1,7,,11,176,28,,16,3,11,,13,197,2,
Lifestyle Way & Shallowford Rd.,20:00,2,1,9,,6,180,24,,16,5,12,,5,243,4,
Lifestyle Way & Shallowford Rd.,20:15,7,1,9,,10,182,18,,25,15,19,,5,187,6,
Lifestyle Way & Shallowford Rd.,20:30,8,1,6,,6,170,12,,7,4,4,,2,173,2,
Lifestyle Way & Shallowford Rd.,20:45,,,8,,4,134,18,,16,1,6,,2,175,4,
Lifestyle Way & Shallowford Rd.,21:00,4,1,8,,9,125,21,,27,8,9,,10,198,2,
Lifestyle Way & Shallowford Rd.,21:15,1,,4,,9,113,16,,23,4,5,,2,148,2,
Lifestyle Way & Shallowford Rd.,21:30,10,,6,,3,113,8,,15,1,3,,4,133,1,
Lifestyle Way & Shallowford Rd.,21:45,1,,4,,3,115,4,,10,,5,,1,131,2,
Lifestyle Way & Shallowford Rd.,22:00,2,,7,,5,93,7,,8,1,3,,2,94,1,
Lifestyle Way & Shallowford Rd.,22:15,5,,2,,3,75,7,,8,1,2,,1,63,,
Lifestyle Way & Shallowford Rd.,22:30,2,,9,,6,70,2,,6,,1,,1,70,,
Lifestyle Way & Shallowford Rd.,22:45,1,1,2,,2,60,7,,6,,1,,2,47,1,
Lifestyle Way & Shallowford Rd.,23:00,,,,,3,70,1,,9,,2,,,51,1,
Lifestyle Way & Shallowford Rd.,23:15,1,,3,,2,45,2,,7,,1,,2,50,1,
Lifestyle Way & Shallowford Rd.,23:30,2,,2,,,23,4,,3,,,,,32,1,
Lifestyle Way & Shallowford Rd.,23:45,,,4,,1,37,,,,,,,,20,,
Gunbarrel Road & Shallowford Rd.,00:00,,2,12,,16,12,5,,1,2,1,,1,2,1,
Gunbarrel Road & Shallowford Rd.,00:15,,9,14,,10,10,7,,3,1,,,,5,1,
Gunbarrel Road & Shallowford Rd.,00:30,,5,5,,12,10,3,,3,1,,,,5,1,
Gunbarrel Road & Shallowford Rd.,00:45,,3,10,,8,11,4,,4,2,,,,6,,
Gunbarrel Road & Shallowford Rd.,01:00,2,2,9,,3,4,3,,3,,1,,,5,3,
Gunbarrel Road & Shallowford Rd.,01:15,,3,8,,9,8,3,,4,1,2,,1,2,,
Gunbarrel Road & Shallowford Rd.,01:30,,4,5,,2,6,1,,3,1,,,,1,,
Gunbarrel Road & Shallowford Rd.,01:45,1,2,6,,8,5,3,,2,1,,,,2,,
Gunbarrel Road & Shallowford Rd.,02:00,,2,3,,6,2,,,,2,,,1,3,,
Gunbarrel Road & Shallowford Rd.,02:15,,,3,,1,3,1,,2,3,,,,3,,
Gunbarrel Road & Shallowford Rd.,02:30,,1,1,,1,3,1,,1,1,,,,5,,
Gunbarrel Road & Shallowford Rd.,02:45,1,1,,,3,5,,,2,3,2,,,4,,
Gunbarrel Road & Shallowford Rd.,03:00,1,2,3,,3,4,4,,1,,,,,3,,
Gunbarrel Road & Shallowford Rd.,03:15,,,2,,1,5,3,,2,,,,,2,1,
Gunbarrel Road & Shallowford Rd.,03:30,,1,5,,7,6,2,,2,,1,,,1,1,
Gunbarrel Road & Shallowford Rd.,03:45,1,,3,,2,2,1,,1,,,,,6,,
Gunbarrel Road & Shallowford Rd.,04:00,,1,5,,3,,1,,1,,,,,6,,
Gunbarrel Road & Shallowford Rd.,04:15,,4,3,,4,6,1,,2,,1,,2,5,1,
Gunbarrel Road & Shallowford Rd.,04:30,,1,4,,9,3,1,,2,1,,,,6,,
Gunbarrel Road & Shallowford Rd.,04:45,,7,6,,20,18,1,,2,2,,,,16,,
Gunbarrel Road & Shallowford Rd.,05:00,1,2,6,,7,16,4,,8,7,3,,,7,1,
Gunbarrel Road & Shallowford Rd.,05:15,1,9,4,,12,16,7,,3,3,1,,3,21,,
Gunbarrel Road & Shallowford Rd.,05:30,,12,13,,9,18,3,,4,5,5,,2,22,3,
Gunbarrel Road & Shallowford Rd.,05:45,,8,12,,41,26,3,,8,13,1,,1,34,3,
Gunbarrel Road & Shallowford Rd.,06:00,,10,17,,34,19,5,,6,7,3,,3,43,2,
Gunbarrel Road & Shallowford Rd.,06:15,,12,17,1,47,29,8,,17,12,1,,1,62,8,
Gunbarrel Road & Shallowford Rd.,06:30,2,13,29,,48,46,20,,17,15,3,,3,77,10,
Gunbarrel Road & Shallowford Rd.,06:45,1,11,35,,82,53,40,,18,39,4,,2,75,14,
Gunbarrel Road & Shallowford Rd.,07:00,2,23,32,,55,42,22,,24,23,6,,3,61,12,
Gunbarrel Road & Shallowford Rd.,07:15,7,24,32,,80,76,20,,30,22,8,,9,133,14,
Gunbarrel Road & Shallowford Rd.,07:30,14,20,42,,111,114,32,,30,28,9,,8,177,22,
Gunbarrel Road & Shallowford Rd.,07:45,4,30,45,,104,141,31,,43,33,15,,9,174,19,
Gunbarrel Road & Shallowford Rd.,08:00,13,30,55,,121,132,29,,29,37,6,,10,158,18,
Gunbarrel Road & Shallowford Rd.,08:15,9,42,54,,111,145,16,,25,46,19,,6,164,22,
Gunbarrel Road & Shallowford Rd.,08:30,11,38,65,,98,95,25,,38,46,11,,12,171,28,
Gunbarrel Road & Shallowford Rd.,08:45,5,29,66,,126,141,33,,36,43,27,,17,148,31,
Gunbarrel Road & Shallowford Rd.,09:00,11,37,100,,138,100,27,,29,42,16,,6,101,29,
Gunbarrel Road & Shallowford Rd.,09:15,15,42,73,,139,86,25,,43,55,13,,9,118,36,
Gunbarrel Road & Shallowford Rd.,09:30,12,27,100,,120,95,19,,34,39,19,,9,103,22,
Gunbarrel Road & Shallowford Rd.,09:45,12,49,112,,141,93,18,,30,46,15,,10,116,27,
Gunbarrel Road & Shallowford Rd.,10:00,17,48,114,,119,93,13,,31,43,23,,5,91,22,
Gunbarrel Road & Shallowford Rd.,10:15,13,36,84,,151,111,22,,26,46,10,,19,137,35,
Gunbarrel Road & Shallowford Rd.,10:30,13,44,135,,131,111,18,1,25,36,16,,7,110,28,
Gunbarrel Road & Shallowford Rd.,10:45,9,35,115,,142,115,28,,27,53,19,,12,104,28,
Gunbarrel Road & Shallowford Rd.,11:00,17,44,124,,120,98,18,,32,50,18,,3,113,33,
Gunbarrel Road & Shallowford Rd.,11:15,11,44,139,,160,101,27,,22,51,24,,15,119,42,
Gunbarrel Road & Shallowford Rd.,11:30,22,54,138,,144,101,16,,20,61,24,,19,100,27,
Gunbarrel Road & Shallowford Rd.,11:45,13,60,144,,137,141,17,,26,61,22,,20,131,33,
Gunbarrel Road & Shallowford Rd.,12:00,10,45,154,,163,105,15,,34,51,25,,27,109,44,
Gunbarrel Road & Shallowford Rd.,12:15,16,60,175,,180,107,29,,36,59,25,,17,124,29,
Gunbarrel Road & Shallowford Rd.,12:30,17,82,169,,187,102,23,,21,57,17,,21,127,37,
Gunbarrel Road & Shallowford Rd.,12:45,21,78,169,,182,125,17,,29,45,25,,17,128,32,1
Gunbarrel Road & Shallowford Rd.,13:00,20,66,161,,159,141,23,1,31,67,15,,19,124,35,
Gunbarrel Road & Shallowford Rd.,13:15,19,67,159,,177,100,25,,26,43,32,,22,94,41,
Gunbarrel Road & Shallowford Rd.,13:30,21,68,162,,144,126,22,,30,56,22,,11,129,32,
Gunbarrel Road & Shallowford Rd.,13:45,17,53,149,,158,132,26,,25,57,25,,11,110,35,
Gunbarrel Road & Shallowford Rd.,14:00,12,53,164,,136,124,26,,40,32,22,,14,122,35,
Gunbarrel Road & Shallowford Rd.,14:15,25,69,172,,136,104,20,,21,38,16,,18,117,18,
Gunbarrel Road & Shallowford Rd.,14:30,24,65,139,,141,130,22,1,25,58,29,,13,131,39,
Gunbarrel Road & Shallowford Rd.,14:45,20,63,156,,151,127,22,,35,57,30,,8,119,26,
Gunbarrel Road & Shallowford Rd.,15:00,25,72,173,,133,94,30,,25,57,26,,15,115,24,
Gunbarrel Road & Shallowford Rd.,15:15,22,80,169,,127,120,30,,34,43,22,,15,125,33,
Gunbarrel Road & Shallowford Rd.,15:30,19,60,142,,146,99,29,,39,50,20,,15,133,24,
Gunbarrel Road & Shallowford Rd.,15:45,13,62,163,,134,113,32,1,30,56,26,,18,122,29,
Gunbarrel Road & Shallowford Rd.,16:00,16,71,177,,129,136,23,,31,54,27,,17,135,32,
Gunbarrel Road & Shallowford Rd.,16:15,14,71,163,,116,134,32,,36,43,23,,19,124,28,
Gunbarrel Road & Shallowford Rd.,16:30,8,76,156,,132,134,38,,28,56,23,,22,114,27,
Gunbarrel Road & Shallowford Rd.,16:45,19,82,138,,122,133,22,,30,64,29,,12,103,35,
Gunbarrel Road & Shallowford Rd.,17:00,23,82,156,,122,161,43,,30,46,30,,23,151,27,
Gunbarrel Road & Shallowford Rd.,17:15,5,72,136,,122,183,38,,39,65,25,,31,163,32,
Gunbarrel Road & Shallowford Rd.,17:30,14,87,149,,117,174,30,,27,54,22,,21,126,39,
Gunbarrel Road & Shallowford Rd.,17:45,22,76,148,,116,161,21,,32,69,20,,27,117,34,
Gunbarrel Road & Shallowford Rd.,18:00,18,58,149,,144,139,43,,28,61,24,,21,112,39,
Gunbarrel Road & Shallowford Rd.,18:15,14,73,123,,123,139,28,,33,65,24,,14,108,28,
Gunbarrel Road & Shallowford Rd.,18:30,14,67,156,,122,109,35,,35,61,27,,16,91,15,
Gunbarrel Road & Shallowford Rd.,18:45,16,67,121,,121,107,23,,29,47,14,,8,101,21,
Gunbarrel Road & Shallowford Rd.,19:00,18,61,125,,97,107,24,,32,57,14,,16,85,22,
Gunbarrel Road & Shallowford Rd.,19:15,21,59,128,,103,96,19,,14,57,23,,13,77,26,
Gunbarrel Road & Shallowford Rd.,19:30,16,47,120,,87,101,25,,23,40,15,,10,65,23,
Gunbarrel Road & Shallowford Rd.,19:45,19,57,115,,93,87,23,,21,29,8,,19,72,20,
Gunbarrel Road & Shallowford Rd.,20:00,24,56,133,,81,81,30,1,29,32,11,,6,80,22,
Gunbarrel Road & Shallowford Rd.,20:15,20,54,100,,76,89,31,,12,37,10,,8,76,30,
Gunbarrel Road & Shallowford Rd.,20:30,13,39,99,,85,73,25,,20,26,13,,6,80,31,
Gunbarrel Road & Shallowford Rd.,20:45,13,46,86,,70,68,10,,17,14,5,,6,61,12,
Gunbarrel Road & Shallowford Rd.,21:00,7,49,130,,51,66,15,,20,27,12,,7,55,9,
Gunbarrel Road & Shallowford Rd.,21:15,8,48,84,,61,57,15,,17,22,4,,7,48,8,
Gunbarrel Road & Shallowford Rd.,21:30,2,38,72,,53,51,14,,13,17,7,,5,41,8,
Gunbarrel Road & Shallowford Rd.,21:45,6,35,54,,52,45,13,,17,17,3,,4,39,5,
Gunbarrel Road & Shallowford Rd.,22:00,8,25,47,,51,49,13,,10,9,1,,3,30,2,
Gunbarrel Road & Shallowford Rd.,22:15,2,29,30,,38,30,13,,6,11,5,,2,18,,
Gunbarrel Road & Shallowford Rd.,22:30,,25,36,,19,28,6,,11,18,4,,4,19,5,
Gunbarrel Road & Shallowford Rd.,22:45,4,18,26,,25,32,11,,15,10,4,,2,11,5,
Gunbarrel Road & Shallowford Rd.,23:00,2,22,25,,31,32,4,,4,14,4,,1,18,2,
Gunbarrel Road & Shallowford Rd.,23:15,1,13,24,,19,25,5,,7,8,3,,1,19,,
Gunbarrel Road & Shallowford Rd.,23:30,2,12,25,,9,18,4,,4,7,3,,1,7,2,
Gunbarrel Road & Shallowford Rd.,23:45,1,6,10,,11,11,7,,3,7,,,,6,1,
I-75 NB Off Ramp & Shallowford Rd.,00:00,12,,10,,,27,3,,,,,,2,25,,
I-75 NB Off Ramp & Shallowford Rd.,00:15,6,,11,,,26,,,,,,,9,27,,
I-75 NB Off Ramp & Shallowford Rd.,00:30,18,,9,,,17,6,,,,,,7,23,,
I-75 NB Off Ramp & Shallowford Rd.,00:45,10,1,6,,,11,4,,,,,,3,22,,
I-75 NB Off Ramp & Shallowford Rd.,01:00,6,,11,,,13,2,,,,,,1,29,,
I-75 NB Off Ramp & Shallowford Rd.,01:15,10,,1,,,9,1,,,,,,6,18,,
I-75 NB Off Ramp & Shallowford Rd.,01:30,5,1,7,,,9,4,,,,,,,9,,
I-75 NB Off Ramp & Shallowford Rd.,01:45,6,,3,,,13,1,,,,,,2,14,,
I-75 NB Off Ramp & Shallowford Rd.,02:00,3,1,2,,,9,1,,,,,,2,9,,
I-75 NB Off Ramp & Shallowford Rd.,02:15,1,1,5,,,4,6,,,,,,1,7,,
I-75 NB Off Ramp & Shallowford Rd.,02:30,2,,4,,,5,1,,,,,,2,9,,
I-75 NB Off Ramp & Shallowford Rd.,02:45,2,,4,,,10,5,,,,,,3,6,,
I-75 NB Off Ramp & Shallowford Rd.,03:00,6,1,2,,,8,4,,,,,,3,6,,
I-75 NB Off Ramp & Shallowford Rd.,03:15,5,,2,,,5,1,,,,,,1,4,,
I-75 NB Off Ramp & Shallowford Rd.,03:30,5,,4,,,12,2,,,,,,2,6,,
I-75 NB Off Ramp & Shallowford Rd.,03:45,4,,,,,3,1,,,,,,3,12,,
I-75 NB Off Ramp & Shallowford Rd.,04:00,10,,3,,,7,3,,,,,,1,15,,
I-75 NB Off Ramp & Shallowford Rd.,04:15,8,,4,,,14,3,,,,,,1,11,,
I-75 NB Off Ramp & Shallowford Rd.,04:30,10,1,2,,,15,3,,,,,,5,18,,
I-75 NB Off Ramp & Shallowford Rd.,04:45,22,,6,,,34,7,,,,,,6,28,,
I-75 NB Off Ramp & Shallowford Rd.,05:00,21,,6,,,20,4,,,,,,9,17,,
I-75 NB Off Ramp & Shallowford Rd.,05:15,20,,8,,,30,11,1,,,,,14,23,,
I-75 NB Off Ramp & Shallowford Rd.,05:30,20,,12,,,21,8,,,,,,10,35,,
I-75 NB Off Ramp & Shallowford Rd.,05:45,36,2,16,,,55,3,,,,,,10,51,,
I-75 NB Off Ramp & Shallowford Rd.,06:00,28,1,20,,,57,5,,,,,,14,60,,
I-75 NB Off Ramp & Shallowford Rd.,06:15,64,1,29,,,73,19,,,,,,28,89,,
I-75 NB Off Ramp & Shallowford Rd.,06:30,76,4,29,,,92,16,,,,,,27,94,,
I-75 NB Off Ramp & Shallowford Rd.,06:45,104,3,42,,,160,18,,,,,,27,103,,
I-75 NB Off Ramp & Shallowford Rd.,07:00,74,,25,,,123,27,,,,,,52,153,,
I-75 NB Off Ramp & Shallowford Rd.,07:15,114,6,40,,,137,23,,,,,,28,175,,
I-75 NB Off Ramp & Shallowford Rd.,07:30,119,2,52,,,185,32,,,,,,51,216,,
I-75 NB Off Ramp & Shallowford Rd.,07:45,143,2,59,,,187,22,,,,,,54,180,,
I-75 NB Off Ramp & Shallowford Rd.,08:00,124,12,56,,,188,26,,,,,,56,207,,
I-75 NB Off Ramp & Shallowford Rd.,08:15,135,10,51,,,187,22,,,,,,52,218,,
I-75 NB Off Ramp & Shallowford Rd.,08:30,124,4,55,,,189,35,,,,,,58,218,,
I-75 NB Off Ramp & Shallowford Rd.,08:45,115,5,74,,,246,25,,,,,,50,203,,
I-75 NB Off Ramp & Shallowford Rd.,09:00,122,10,36,,,246,28,,,,,,54,192,,
I-75 NB Off Ramp & Shallowford Rd.,09:15,109,3,39,,,221,23,,,,,,74,202,,
I-75 NB Off Ramp & Shallowford Rd.,09:30,112,7,36,,,216,22,,,,,,60,178,,
I-75 NB Off Ramp & Shallowford Rd.,09:45,126,5,40,,,238,23,,,,,,79,218,,
I-75 NB Off Ramp & Shallowford Rd.,10:00,119,2,42,,,228,34,,,,,,80,187,,
I-75 NB Off Ramp & Shallowford Rd.,10:15,112,,35,,,284,24,,,,,,76,202,,
I-75 NB Off Ramp & Shallowford Rd.,10:30,135,5,46,,,260,25,,,,,,77,210,,
I-75 NB Off Ramp & Shallowford Rd.,10:45,139,2,33,,,251,26,,,,,,90,236,,
I-75 NB Off Ramp & Shallowford Rd.,11:00,115,3,34,,,222,27,,,,,,77,223,,
I-75 NB Off Ramp & Shallowford Rd.,11:15,119,1,37,,,278,28,,,,,,102,256,,
I-75 NB Off Ramp & Shallowford Rd.,11:30,135,2,34,,,270,26,,,,,,89,229,,
I-75 NB Off Ramp & Shallowford Rd.,11:45,167,2,39,,,288,32,,,,,,114,226,,
I-75 NB Off Ramp & Shallowford Rd.,12:00,112,7,29,,,308,31,,,,,,118,318,,
I-75 NB Off Ramp & Shallowford Rd.,12:15,140,5,34,,,348,26,,,,,,112,301,,
I-75 NB Off Ramp & Shallowford Rd.,12:30,155,5,41,,,291,34,,,,,,131,275,,
I-75 NB Off Ramp & Shallowford Rd.,12:45,140,3,43,,,300,23,,,,,,163,281,,
I-75 NB Off Ramp & Shallowford Rd.,13:00,153,5,36,,,289,26,,,,,,151,304,,
I-75 NB Off Ramp & Shallowford Rd.,13:15,141,2,43,,,300,25,,,,,,130,285,,
I-75 NB Off Ramp & Shallowford Rd.,13:30,119,6,37,,,272,31,,,,,,149,291,,
I-75 NB Off Ramp & Shallowford Rd.,13:45,136,8,41,,,283,25,,,,,,163,273,,
I-75 NB Off Ramp & Shallowford Rd.,14:00,124,3,36,,,258,33,,,,,,151,287,,
I-75 NB Off Ramp & Shallowford Rd.,14:15,147,,38,,,241,24,,,,,,108,274,,
I-75 NB Off Ramp & Shallowford Rd.,14:30,146,,45,,,266,30,,,,,,135,271,,
I-75 NB Off Ramp & Shallowford Rd.,14:45,129,3,38,,,283,25,,,,,,132,303,,
I-75 NB Off Ramp & Shallowford Rd.,15:00,131,4,46,,,231,42,,,,,,133,304,,
I-75 NB Off Ramp & Shallowford Rd.,15:15,163,5,46,,,229,38,,,,,,150,306,,
I-75 NB Off Ramp & Shallowford Rd.,15:30,156,7,41,,,235,26,,,,,,147,291,,
I-75 NB Off Ramp & Shallowford Rd.,15:45,165,4,55,,,235,41,,,,,,146,285,,
I-75 NB Off Ramp & Shallowford Rd.,16:00,151,5,50,,,238,39,,,,,,165,313,,
I-75 NB Off Ramp & Shallowford Rd.,16:15,146,3,48,,,246,47,,,,,,143,315,,
I-75 NB Off Ramp & Shallowford Rd.,16:30,155,4,50,,,244,41,,,,,,177,281,,
I-75 NB Off Ramp & Shallowford Rd.,16:45,163,6,37,,,269,48,,,,,,148,283,,
I-75 NB Off Ramp & Shallowford Rd.,17:00,184,2,62,,,245,34,,,,,,189,274,,
I-75 NB Off Ramp & Shallowford Rd.,17:15,184,5,46,,,263,36,,,,,,196,315,,
I-75 NB Off Ramp & Shallowford Rd.,17:30,160,7,53,,,285,34,,,,,,187,280,,
I-75 NB Off Ramp & Shallowford Rd.,17:45,176,5,54,,,286,38,,,,,,154,265,,
I-75 NB Off Ramp & Shallowford Rd.,18:00,156,4,50,,,282,30,,,,,,148,246,,
I-75 NB Off Ramp & Shallowford Rd.,18:15,139,2,41,,,246,23,,,,,,144,244,,
I-75 NB Off Ramp & Shallowford Rd.,18:30,153,2,53,,,209,25,,,,,,145,257,,
I-75 NB Off Ramp & Shallowford Rd.,18:45,132,5,60,,,236,31,,,,,,105,228,,
I-75 NB Off Ramp & Shallowford Rd.,19:00,92,9,43,,,205,37,,,,,,135,234,,
I-75 NB Off Ramp & Shallowford Rd.,19:15,108,5,47,,,184,24,,,,,,134,224,,
I-75 NB Off Ramp & Shallowford Rd.,19:30,104,2,38,,,174,29,,,,,,102,200,,
I-75 NB Off Ramp & Shallowford Rd.,19:45,108,2,59,,,165,24,,,,,,115,218,,
I-75 NB Off Ramp & Shallowford Rd.,20:00,93,3,29,,,160,21,,,,,,139,225,,
I-75 NB Off Ramp & Shallowford Rd.,20:15,107,2,38,,,159,35,,,,,,104,210,,
I-75 NB Off Ramp & Shallowford Rd.,20:30,83,3,53,,,128,24,,,,,,78,188,,
I-75 NB Off Ramp & Shallowford Rd.,20:45,90,3,25,,,111,22,,,,,,75,176,,
I-75 NB Off Ramp & Shallowford Rd.,21:00,75,2,32,,,110,26,,,,,,85,181,,
I-75 NB Off Ramp & Shallowford Rd.,21:15,71,6,28,,,123,22,,,,,,71,182,,
I-75 NB Off Ramp & Shallowford Rd.,21:30,50,1,28,,,79,12,,,,,,55,143,,
I-75 NB Off Ramp & Shallowford Rd.,21:45,51,1,25,,,71,14,,,,,,41,126,,
I-75 NB Off Ramp & Shallowford Rd.,22:00,48,,26,,,74,13,,,,,,33,119,,
I-75 NB Off Ramp & Shallowford Rd.,22:15,36,1,23,1,,51,16,,,,,,33,69,,
I-75 NB Off Ramp & Shallowford Rd.,22:30,35,,19,,,46,12,,,,,,24,82,,
I-75 NB Off Ramp & Shallowford Rd.,22:45,27,,29,,,49,11,,,,,,23,53,,
I-75 NB Off Ramp & Shallowford Rd.,23:00,30,1,17,,,51,9,,,,,,14,59,,
I-75 NB Off Ramp & Shallowford Rd.,23:15,22,,19,,,41,7,,,,,,23,50,,
I-75 NB Off Ramp & Shallowford Rd.,23:30,11,,12,,,24,6,,,,,,10,38,,
I-75 NB Off Ramp & Shallowford Rd.,23:45,12,,11,,,21,10,,,,,,5,33,,
